,category,value
count,6,6.0
unique,3,
top,A,
freq,2,
mean,,20.333333333333332
std,,8.140434058861153
min,,10.0
25%,,14.0
50%,,21.0
75%,,26.5
max,,30.0
